TT_amygdala_10_10	AA_amygdala_10_12	AA_amygdala_10_13	TT_amygdala_10_14	TI_amygdala_10_15	II_amygdala_10_16	II_amygdala_4_18	TI_amygdala_4_19	AA_amygdala_4_20	TT_amygdala_4_21	II_amygdala_4_22	TI_amygdala_4_23	AA_amygdala_4_24	II_amygdala_10_25	TI_amygdala_10_26	Geneid	Symbol
0.859091852494804	1.08968206550504	1.38232285637688	1.40717938655559	1.30683808340888	1.25161891971598	0.807720017381473	1.32605865432692	1.37048548364224	0.630315955242451	0.881567700858652	1.3671390481834	0.841893164332194	0.542746557736277	0.937401223039853	ENSMUSG00000025776	Crispld1
3.47909427229504	3.62627635588289	3.1948099926525	3.51765255739153	2.81531074123451	2.09368586346569	2.93759589076991	3.06850178509812	2.3385506648207	2.31771805019124	1.71038620421954	2.71856147773329	2.71690677149816	2.38320363971913	1.91305027549118	ENSMUSG00000101111	Gm28437
4.07114224346939	4.42786801887929	4.84956356410101	4.64120175255508	2.6795506473852	2.84171288730244	3.24988748571517	3.02653812644377	3.08052666598185	3.02067503234773	2.97448258380611	3.54713582913014	2.8915415482596	2.06612146204735	2.65768495934687	ENSMUSG00000100862	Gm10925
1.32192434021187	2.87873954912204	0.795215708976681	1.26011117184675	1.96632642064539	1.22918808464344	1.28985886758731	0.515734674724664	2.27906465138879	1.78702048492955	1.35532561923304	0.787842104570151	1.42618517392392	0.860120341771714	1.00055347042282	ENSMUSG00000038331	Satb2
4.35400666532832	5.49191015803868	5.18730006036317	5.4506764686356	5.45935144543886	4.9062535187035	4.44731359835606	5.22560130129861	5.54863044210059	4.23202119414668	4.12076745230752	4.99133726749998	4.33429345228649	3.83417426848257	4.05798851431618	ENSMUSG00000033007	Asic4
1.40243147166397	3.20160337179813	2.49240850550646	2.61625086549852	3.01424180451494	1.50385798904606	2.46257273742342	2.32114672767731	2.70016603758339	1.65004715047858	1.84253428218658	2.38000498277193	1.43614309561434	1.2775230087142	1.41733360827756	ENSMUSG00000079434	Neu2
0.299475095649065	1.58856099135105	1.1028562908341	1.32399504405198	1.38086885872606	0.773610817889349	0.489935908924702	0.971526042612148	1.01927080785855	0.735061087140343	0.974751438064937	0.847741068855435	1.02159607372202	0.908245325505284	0.631781983496624	ENSMUSG00000026380	Tfcp2l1
1.00710821992797	2.3282815133042	1.9613646222876	1.99806207757437	2.70236040023922	1.58863407777595	1.17579767329673	2.15955679475824	2.41457567171924	1.20760276200565	1.78683746638669	2.02611946682649	1.95315577716833	1.88470349644358	1.88181079120699	ENSMUSG00000026479	Lamc2
3.54520710803829	5.16457944594056	4.88793975933832	5.21575557009275	5.48587493175681	4.18060447379096	3.20513109807002	5.08429336202837	5.10852629404989	3.56504610091271	4.41090979944244	4.80073830076579	4.29842262382818	3.88431741571675	3.90462192324544	ENSMUSG00000118401	NA
0.415137030581014	1.77265603783009	1.44800803372912	1.4728080043631	1.77425613116783	1.56684951539745	0.275765489700256	2.10055800752829	1.10301251150457	1.5357973535644	1.33755618530678	1.95140517257425	1.07215486717741	1.0799556201169	0.197754576342663	ENSMUSG00000040113	Mettl11b
7.93034878341335	8.73633833491916	8.60496749755288	8.70479872433922	8.83032012041568	7.96915860834874	8.42766016349424	8.55425304149676	8.79806146203928	7.31681234593523	7.11264655848779	8.12661146617821	7.37829829612208	7.02680147780635	6.92063154064223	ENSMUSG00000038370	Pcp4l1
2.23747885316569	2.77385677434387	2.2129995994014	2.4515017965118	2.47378367011767	2.11468454960797	2.21937815050665	1.53853010162547	2.1480042331521	0.984548224018791	2.24328892621628	2.43091429394112	1.75676544892679	1.44538865652854	1.57553980675693	ENSMUSG00000026525	Opn3
4.013106377485	4.89493370824236	4.7678882998288	5.09785574694327	4.75810617840572	4.42090802777709	3.5184917921288	4.60236409164318	4.9028814965648	3.46875425064313	4.08717803176011	4.62904462004574	4.14009328311267	3.69140393089836	3.60515762705272	ENSMUSG00000016262	Sertad4
1.86849651008187	2.61051999846694	2.50848340838037	2.70218528026652	2.70416524552585	1.88654958811891	1.39668777643664	2.48505699276536	2.73021402227763	1.57021189512303	1.96398649048423	2.27942124323532	1.64029048753535	1.3910687527446	1.70582706433783	ENSMUSG00000050592	Fam78a
1.15407470162518	0.776899985523209	1.4116067497312	1.39253188871473	1.32369787279168	1.24927021812214	0.642564545012561	1.50309138620587	1.73797266912542	0.552416907229935	0.912864631058795	0.91981553235149	0.9567524304647	0.545829700103712	0.620887202995608	ENSMUSG00000042064	Myo3b
4.43932698514087	6.26738065118705	5.89171084714771	6.11260105230218	6.21480744711304	5.43702931340815	4.64627075782926	5.83194814430643	6.09519242253107	5.15263879639879	5.19416487750669	5.56530537125151	5.13306888309357	4.89532873990936	5.16215670470756	ENSMUSG00000074968	Ano3
5.93473300916977	6.85079942208313	6.87549567716457	6.97281982530757	6.92813921704218	6.49443646277266	5.58458938543158	6.7289350255559	6.85037028092856	5.39616151926216	5.95257407395734	6.75660575227212	6.1733316277757	5.68764563870615	5.26447758441095	ENSMUSG00000027210	Meis2
2.02573656781494	2.89380279036771	2.73928555757535	2.98404204429817	3.30545066435046	2.59116390051749	2.2733557147538	2.6451435689264	3.3917786610962	1.81805419719921	1.96693108900753	3.04048152673525	2.69686945471854	2.5278974152635	2.16456607699683	ENSMUSG00000086328	2700033N17Rik
5.20823069080533	7.38051583462717	7.03864985853384	7.1295265616458	7.51810269977304	6.70673477661699	5.63664302596694	7.19333702631917	6.97806438731662	5.97152719212973	6.29933817839158	7.09032415078769	6.66222919396458	6.37809555603363	6.20380679302828	ENSMUSG00000078137	Ankrd63
0.396365256021976	1.41179344275804	1.41504062067898	1.39475969389431	1.33869524204837	1.0101466333805	0.45596846448502	1.17342918856418	1.23359909832221	0.322855149715685	0.25964996269909	1.00708065617353	0.587670704243774	0.27658214930603	0.172708583395431	ENSMUSG00000058620	Adra2b
5.77030264366663	7.35103584946828	7.51866208331928	7.58141070834639	7.7633191962887	7.24558270379277	6.11439634433464	7.64733812235219	7.36483954996469	4.84570022640194	6.21163942972209	7.57550634270011	6.64489687379474	6.16984540917268	5.44147560406143	ENSMUSG00000027400	Pdyn
1.55726390029354	3.21599555371829	2.64572397966084	2.86980826918834	3.04279356473112	2.59026137489063	2.49640629346498	3.04302208831246	2.49675632433807	1.37987414606267	2.30442373823164	3.10355764178388	2.64007417070484	2.77536813076273	2.11168733508178	ENSMUSG00000074796	Slc4a11
1.37735817359597	1.74032812974612	1.26217545074868	1.8319205250753	1.72945736502657	2.13568104129007	0.526261317578006	1.83652957403	1.91027590357726	1.12272424419375	1.53143847918768	1.93297621344594	1.28338250181113	1.29561303528241	1.95541030602824	ENSMUSG00000042631	Xkr7
1.76354832683355	1.76238661432615	2.13585266618515	2.46449621521893	2.02472505320351	1.80636277822786	2.10486704716485	2.11187946648445	2.04298381659331	0.781535553770295	0.772262982968649	2.22730895123882	2.57202004896501	1.49712334842759	2.00204653608791	ENSMUSG00000086098	Gm14291
5.95428095078999	7.23039167386194	6.66380362229511	6.9521220599215	7.26461203745933	6.39125938538968	6.08000325452505	6.94152991788949	6.91749161085416	5.70703962190468	5.95317702367044	6.75028306767397	6.14050486106607	5.72104909183833	5.67887334117206	ENSMUSG00000038400	Pmepa1
0.765128274225369	2.48624256128531	1.32454503427141	1.37443957275603	2.00213652092688	1.32982398573109	1.39262968267902	1.53331517717125	1.74747478855441	1.25179859449054	1.1626736213483	1.88602241707628	1.47872719651655	1.04891579872833	1.31709669213864	ENSMUSG00000038932	Tcfl5
4.01426037677853	3.99128711287139	4.30346152353756	4.53908850428655	4.15281453370795	4.08761075659814	2.55243876538337	4.24325527673792	4.26589673901755	2.81144523892179	3.4762209595014	4.11183015735706	3.4659157111784	3.10161540710275	2.82872456059981	ENSMUSG00000056854	Pou3f4
1.21558308686766	1.97746962581351	1.62467355807522	1.97326163605512	1.99753643451685	1.6719028475036	0.962738077941621	1.4061612419799	2.20641670705012	1.43004618205573	1.19265680559672	1.36909172687725	1.15046950229619	1.24275647146054	1.83588336060786	ENSMUSG00000031283	Chrdl1
0.780216722869092	2.25455383104019	1.47538046944107	1.64757296982615	2.03749308367329	1.27574671345085	1.11686196143505	1.86979731021026	1.92160898190582	0.31794811041928	0.596666266185986	1.20420364996148	1.11203126432972	0.412455898821541	0.493258536969348	ENSMUSG00000031382	Asb11
0.748217906639377	1.46131133021377	1.46457090153302	1.39941749619795	1.87460700900472	0.663931050542045	0.385155356025018	0.985925988733874	1.54802651362971	1.15783476141227	0.844003945086986	1.44401128369663	0.702317743617761	0.638642197287011	0.96071225289485	ENSMUSG00000106651	Gm42608
2.62115788130095	2.3022479048925	3.00638229132544	2.91127558863581	2.30747684030322	2.5065934509778	1.77180129874547	2.91478675336364	2.52731835799038	1.31108358904352	1.65651514526407	2.6959624173437	2.18952819675207	1.60042127372484	1.27446906367314	ENSMUSG00000027765	P2ry1
3.25591052932632	3.39464319470136	3.14287514177791	3.19100418753245	3.33198990065856	3.10932946527007	2.2302650939121	2.93503357538038	3.34547188344734	1.87389445091186	2.00401563914061	3.05571125257794	2.26054301232633	1.78090969617955	1.32946043804111	ENSMUSG00000043441	Gpr149
2.29740731419275	1.95902188555025	2.4882336345392	2.59618800671928	2.24867412899842	2.29210621152714	1.33631422024204	2.29287732357246	2.57231467435011	1.46984307584854	1.24151166534025	2.12061341581458	1.47277679925538	0.837949679729816	1.11437029280968	ENSMUSG00000027820	Mme
0.71429637730687	0.570681970600984	0.900547764837073	0.668776849863821	1.18026078962701	1.22793066550689	0.37406067722834	0.789458173042591	1.25099480811712	0.526115256198941	0.544579598200249	0.616427776669385	0.542283546849995	0.483084102316459	0.415969379443404	ENSMUSG00000034009	Rxfp1
4.52305336888582	5.84587585637875	5.34463445834237	5.63670897397659	5.6474401183521	5.10030610060076	4.40133020568611	5.44551121448171	5.50655243085407	4.17048359013271	4.55997141849374	5.218840851914	4.85463732708345	4.36777255086363	4.04939769889695	ENSMUSG00000027849	Syt6
6.12567613460759	8.89507945542374	8.41986152717012	8.54767430095527	8.92385415332217	7.48330663947034	6.6688441153241	8.3977454327581	8.5054304918222	5.74535157123473	6.63646090323877	8.11731147165396	7.21541472619674	5.96830574944523	5.71825648141474	ENSMUSG00000068696	Gpr88
1.56555261051129	1.30202470230186	1.19286149737409	1.33021067295803	1.66954760032622	1.08583942434589	1.03012784927841	1.9988185274264	1.92694157295937	1.14390044808386	1.37724076861743	1.64235052083711	1.03494885864492	1.30202247200093	1.16398376748467	ENSMUSG00000028268	Gbp3
1.49850942200075	3.34760252429902	2.6181503205581	3.28884254572668	2.81984573828004	1.8559582811042	1.28500605106138	2.20807911022266	2.94875592359052	1.00447918329628	0.990167697692822	2.52549062418289	1.37886819188245	0.30944244756587	0.373990455956025	ENSMUSG00000039103	Nexn
1.887849492314	3.04484578229387	2.9151627725558	2.86774892798957	3.56936857672	2.86747177125397	2.31529057821642	2.17767633254551	2.47178662278548	1.61735484958539	2.52918825925546	2.90238225521908	2.57565254171772	2.09224541772974	2.5650007773007	ENSMUSG00000028174	Rpe65
9.75359613911897	12.1703641965411	11.3924392409743	11.6128462818855	11.6791773331518	10.7035700398822	10.2505769040059	11.3934446463863	11.4828033473113	8.68718975051097	10.1042014724423	11.3244851984553	10.4766755706343	9.80429797700259	9.11058402877942	ENSMUSG00000045573	Penk
0.841386449733149	1.32579161519244	1.19229327789532	1.2848666828948	0.788717008651908	0.466685501166895	0.682983599965123	1.0652691660589	0.759041763266214	0.829159675331004	0.420187390000944	1.00431676332712	1.10078191060587	0.650690026063147	1.00779105455796	ENSMUSG00000094595	Fsbp
1.26078655183977	1.43950545123641	1.68674817188075	2.01131872524049	1.75851633269439	1.43573352451101	0.748624167871321	1.48887474073141	1.83515281525821	1.37563398574731	0.736364364977694	1.16054377831705	0.751503885908002	1.02008036980649	0.72833521388319	ENSMUSG00000057280	Musk
0.695450820990766	1.21532908472186	1.54539384421087	1.8035216949669	2.02506492255394	1.42382907010494	0.920760621124192	1.45094314137966	1.77920373451674	1.40754830619764	1.27878385561213	1.44121072551747	1.22992876970086	0.997623886322678	1.28449230453965	ENSMUSG00000035305	Ror1
1.17286236438833	2.4589846545049	2.16220893219463	2.0649339695422	2.24641816685486	1.80822653243339	1.18678219049382	2.02092379097976	2.1126286803368	0.970265874583874	1.42098251776356	1.90779800869223	1.62090929862072	1.14164606077231	1.7910336301048	ENSMUSG00000044254	Pcsk9
2.61322013887699	3.97060790791102	3.28653292757559	3.62089669512559	3.19455642685758	2.88342906138182	2.22899401517752	3.3062002371496	3.33084392918868	1.88969214904618	2.84236563570046	3.28898114454491	3.53172965913546	2.8455458640192	2.61802318191381	ENSMUSG00000073779	Lrp8os2
0.874105455015305	1.15563469580506	0.669485338429608	1.19961492250843	1.26278760170579	1.08320137407889	0.414998675180402	0.884229211887406	1.15234151172863	0.616666928483553	0.731307431769244	0.756147448112924	0.755303906983216	0.309311909103138	0.317018172567321	ENSMUSG00000028644	Ermap
3.42628579893826	5.23102189253299	4.70572766733376	4.63106270921816	4.87359929131065	3.89703803006645	4.40701516481606	4.48720705016206	4.59717133994541	3.12749037889407	3.69338142419535	4.06157051607283	3.9995042472542	3.5045634041152	3.50703192378425	ENSMUSG00000070803	Cited4
8.42611515847175	10.2174593905873	9.64083448827978	9.803132298127	9.77173085102241	9.02132750254274	9.25799530073972	9.48856415941474	9.69219759759097	9.94866849518079	8.6176565810231	9.29219826394337	8.70687813679926	8.63339523602711	8.38359509079164	ENSMUSG00000028785	Hpca
0.448803532376278	0.925210328959325	0.948914076863031	1.34300564988772	1.36542754785148	0.949189562261707	0.404260782813126	0.968303072509576	1.10503816747115	0.36166639829129	0.423557424776949	1.00067670712936	0.540029170623623	0.349413841364896	0.527287230879459	ENSMUSG00000085667	Gm12992
2.50642687833552	3.30582327660719	2.82061829604601	3.25989188879515	3.33837705591757	2.53754882615751	2.46234623803557	2.88262872474609	3.35063536920468	1.86475413764932	1.46188662755721	2.75256755511071	2.31471731680879	1.23989668746768	1.3397240918084	ENSMUSG00000070720	Tmem200b
0.520707502345118	1.21088268023383	1.23078647933014	1.25291071148595	1.49205263878797	0.850813452725729	0.491352192092832	0.912176636480012	1.07427478535913	0.576080194698097	1.01042510643886	1.22017685408102	1.2396336329943	0.430962768529684	0.889605873669401	ENSMUSG00000037139	Myom3
2.9791117538273	4.49769444972437	4.21709437791596	4.38222962537962	4.68272392759688	4.22847307901236	3.27451550926767	4.41650164271759	4.20953220952944	2.24035989830503	3.2398496046681	4.07942466558568	3.54079406051298	3.05092557233292	2.47124278107558	ENSMUSG00000070687	Htr1d
2.75002511259135	3.34591070390336	3.17169817621665	3.32254422594616	3.20603267323225	3.08613233857259	1.99708999456774	3.11960431422989	3.44104549558208	1.83592884865777	2.03375473149604	3.09241010809719	2.23783169351716	1.75143878978798	1.389161198904	ENSMUSG00000028661	Epha8
3.8194623022444	6.18030675991418	5.46395959633164	5.60503935787244	5.8167772314601	4.71750769274855	4.40932891426616	5.50517498012585	5.64906038819889	4.47352348868703	4.2386260807365	5.25175212871966	4.57327958563153	4.17868558750451	4.47084379258656	ENSMUSG00000029054	Gabrd
3.50500435544091	3.56737868665393	3.98970608350075	4.067122500325	4.35081703974749	3.75999408765705	3.18955539118077	3.75197607584139	3.9515112071881	4.44508250919175	2.94747135214276	3.90166604211285	3.12437855954007	2.75143691506056	2.53258474303967	ENSMUSG00000063531	Sema3e
3.0255911119315	3.85791750009382	3.79434401559233	4.25699930352426	4.11675444143125	3.71320984230427	2.33735499774339	3.71842300587713	4.24977436395402	3.10718466988751	2.93699301836763	3.66039116639132	3.23368880810278	2.85553511592223	2.65556033903923	ENSMUSG00000043635	Adamts3
1.5650429338805	3.81744300301319	3.46471270481154	3.406600992059	4.40315751137033	3.59774259516887	2.4143948971807	3.47535320894724	3.72535133771454	2.60463104575323	3.94008134878757	3.82135567426996	3.7659806001946	3.51302270642901	3.77507496489686	ENSMUSG00000029335	Bmp3
1.17633603198651	1.83189315924684	1.38665138534795	1.64288295727786	0.981332043477838	1.06134176925083	0.5244283098642	1.00530838472807	0.869059794647877	1.28947247268823	1.31975123709681	1.42725008392693	1.16574825359478	0.578092537881746	1.16236926232912	ENSMUSG00000105686	Gm35394
0.724704943795966	1.59001159884222	1.23671023712685	1.34640697942588	1.75278555234583	1.17646100650622	0.644470375596032	1.4599227501379	1.28699771795071	1.00092555203678	0.812086294680897	1.57350678944482	0.961701029444583	0.863369786538528	0.972193854432462	ENSMUSG00000044017	Adgrd1
0.515172831267852	2.230624022679	2.28155617924525	2.18191293903344	1.89542103632795	1.67020048625863	1.67785833316571	2.25470259169823	2.25454281339714	1.38619462340516	1.46447456948161	2.29522070564365	1.67416132223991	1.86711116407379	1.42393220656101	ENSMUSG00000085565	Gm15721
4.25892910357138	5.15534903561045	5.07309814041972	5.30025748810207	5.06322749724151	4.84178880497704	4.48749377423905	5.12287165326931	4.82851404964245	3.37361194892932	4.16000571507793	5.1029987336359	4.29194878935709	4.1776075260404	3.48651601105599	ENSMUSG00000029754	Dlx6
4.63066061904005	6.08429246692002	5.89400681139951	5.97199506877705	6.06999251617342	5.30527547318555	5.30485898995756	5.62828942569625	6.01931153646174	4.5253279564795	4.49271741066174	5.63836228959059	5.18016448519022	4.81238320425576	5.0826466148061	ENSMUSG00000061762	Tac1
2.62571066943125	3.02601444132754	3.29668874415665	3.33438211306727	3.27854986176308	3.13542351891828	2.11421584543479	3.02391184665588	3.27212600502621	1.49801112329809	2.58474437442663	3.03546916818756	2.86552225736638	2.17225750902326	1.99354296733107	ENSMUSG00000029563	Foxp2
1.48852826620865	3.04986391544999	2.19961274366854	2.3867476345278	2.20066497144915	2.1164293138184	1.20449522327925	1.98639978667993	2.65652733012285	0.85315208529088	1.08713090346696	2.18113839083814	1.42393579412251	1.11139702603644	0.901743778148447	ENSMUSG00000010797	Wnt2
3.9236085913102	5.03334631009294	4.84062856791935	5.19945769408543	5.28664119266979	4.64929568437386	3.82077889481567	5.02404703428866	4.99397854336159	3.46210065773548	3.36248566619205	4.6816964940479	3.84683744153718	2.85999852849458	2.61607483248486	ENSMUSG00000039629	Strip2
0.873003514806968	1.76918460991296	1.65149047651248	1.6124705628089	1.99337264771435	1.48562481061475	1.21120398073286	1.16818704632868	1.49881677028744	1.59337006304554	0.87757886189636	1.6685875682004	0.607743819402066	0.607374833203979	0.547329623918043	ENSMUSG00000085058	8030453O22Rik
0.912149264724576	1.45798991527673	0.913863964088966	1.37394369714447	1.23651441816319	0.824990127342415	0.563854261921377	0.947959496879335	1.44171265540954	0.564163870961406	1.02767427508306	1.02050157692665	1.36678644986035	1.04759378997063	0.314591351475625	ENSMUSG00000108033	Gm44284
2.01691482416304	1.43918287383473	2.22395324629331	2.53011516298872	2.27280439293028	2.12121951104531	1.2721852268625	2.26323522755629	2.57522511254057	1.25825193480463	1.3491999716735	1.9353126911645	1.33871248330576	1.06782425142823	1.14620595070508	ENSMUSG00000004347	Pde1c
5.72248963701502	7.17946629905907	6.5170149089701	6.61094975900305	7.53143597451565	6.8479007802512	5.67852059201268	7.00248764559158	6.76533162831535	4.43401215016723	6.90299707401025	7.31020779423206	7.0118773698374	6.27395602500234	6.38330609983931	ENSMUSG00000063415	Cyp26b1
1.22372846280076	2.22829129572754	1.15786119653789	1.37408667380554	2.01940617553779	1.4139370094723	1.05272731217196	1.61247578858897	1.63442679044076	1.36823144092847	1.29365451386146	1.52056767546111	1.18334611344543	1.08864190096712	1.05593055311821	ENSMUSG00000030047	Arhgap25
3.59787255960549	5.2823441501623	4.95442241857056	5.25065721591499	5.18869415300869	4.18494456327447	3.68337751449958	5.01562671884697	5.0550163815403	4.76716635987329	3.75270692735011	4.60890192355582	4.08322423769438	3.55671892547328	3.48960272192562	ENSMUSG00000030067	Foxp1
4.66960264604127	6.25649465703152	6.11540083809565	6.25435380561426	6.44925111359644	5.62113214079324	4.34091284676007	6.02957161811384	6.16843803739109	5.43902094349765	5.22017467057575	5.92508780485594	5.60296029560596	5.07186033778503	5.34851110561326	ENSMUSG00000030102	Itpr1
2.15588998599696	3.19113991953654	2.22253283928787	2.11274497719465	3.11740421859016	2.18954430964477	2.14078417854058	2.17243417180561	2.59825907567825	1.34648238199353	2.34887247131301	2.36997623882898	2.19108803390973	1.93786305546833	2.08214807624789	ENSMUSG00000030270	Cpne9
0.929137777734379	1.0986424149333	1.07836030082236	1.14688733126315	0.689186921000338	0.788934834608979	0.765561619121282	0.879220867154331	1.37127311956438	0.505756874056549	0.52188363561401	0.600569365143959	0.882200247234297	0.440309887124933	0.643159353631544	ENSMUSG00000008845	Cd163
3.36112346188587	5.83633386213553	5.29499006304961	5.7051377613345	5.40596573494947	4.15634168819539	3.46018977813313	5.32342289676546	5.66473985795468	2.54347943594032	3.04589968042426	4.86664288101502	3.43926274595908	1.91094790929964	1.52679389886419	ENSMUSG00000023274	Cd4
4.28809837455849	6.09497724410502	5.29392153873392	5.65263673410836	5.73087121622602	5.07103907595999	4.55642496607464	5.3925262446678	5.42967325871572	3.49866769353784	4.31621870809561	5.20847081190478	4.99368476599466	4.40210373432453	3.86703437157633	ENSMUSG00000045534	Kcna5
1.34046818412938	2.43158377974043	1.4306674175056	1.41048437229085	2.29971572073726	2.00264455702285	1.31768494132388	1.74380265185122	1.70223108670225	0.975298108283596	2.07623737540889	1.79035585406911	1.74670192310149	1.85064074686813	2.0486692121986	ENSMUSG00000011267	Zfp296
3.58880700287102	2.81025270199544	3.13053419016398	3.61618425209433	3.47205609236735	3.43790559408467	2.5951305565127	3.53796697375758	3.63956329248652	2.40939060499928	2.19482375859836	3.07675407705977	2.3256833577666	2.06754606385842	1.79657541960065	ENSMUSG00000040703	Cyp2s1
0.26661073120439	1.05733515230237	0.605696515629488	0.570521519538369	0.966131827597755	0.450483333434549	0.285085895788125	0.648557226555174	0.620312856857137	0.789619468848757	0.440415978573407	0.423327122642085	0.673947375414016	0.542325524696342	0.473306711216551	ENSMUSG00000006649	Nphs1
0.708965213677093	1.63291711087602	1.37994424184059	1.45465882352601	1.62526895158047	0.907753814820572	0.528968930898529	1.30787486783135	1.39743349409812	0.7316073467683	0.75249307061391	1.38068048076751	1.14547886719398	0.836369775697454	0.586397209830552	ENSMUSG00000046056	Sbsn
1.1204192855956	2.72528097059416	2.34277734796999	2.37314455645892	2.74776981682613	1.76942125154015	2.0820153665771	2.40627011021782	2.30346254353537	2.19727449217401	1.51196745529805	1.92481316859683	1.35001817271088	1.79211911378029	1.60397649174472	ENSMUSG00000060962	Dmkn
2.47377531456192	4.16258369032008	3.79000822880393	3.38759442669303	4.81895354747704	3.22509622341415	3.27282681938071	3.76678143092171	4.00529678871011	2.39068080122316	4.22613846628921	4.36174977775943	4.19710475545735	4.45643035898	4.17961692677119	ENSMUSG00000030792	Dkkl1
0.724128620026324	2.71147556833473	2.35873894122982	2.67364344711268	2.39001841814295	1.95691707695333	0.642416799090279	2.35622935266996	2.96365650433858	0.663560545884035	0.942766179633151	1.94829961285669	1.14984783526581	0.222065008472181	-0.16652805940822	ENSMUSG00000109450	Gm39043
0.414995503709904	1.28423440812941	0.63714524644583	1.17060863923782	1.39629683432728	0.937716702152205	1.01535286231369	0.905459824905219	1.22124374601571	0.831312864406423	0.943694784157698	0.570079178429002	0.864882927980154	0.811353691747096	0.895394120732882	ENSMUSG00000035211	Xrra1
0.4365128758239	1.23180096676178	1.06277118807128	1.37999514598114	1.28860878499756	1.28696392762848	0.470043537098406	1.35102098709477	1.57527665197733	1.43127148496415	1.04894169019432	0.995403934618648	1.13935271150322	0.944581099474153	1.54071723839578	ENSMUSG00000110195	Pde2a
5.67479846140616	6.68104513875255	6.24789557207599	6.66214454206876	6.01786993453435	5.35417386379196	4.64494319862812	6.16610418616651	6.55456164847041	4.72436603013406	5.23888143529571	6.09941760227745	5.60387546869797	5.00311006054617	5.02122202930516	ENSMUSG00000046182	Gsg1l
1.30646218893561	2.42005252964526	2.0492858551185	2.02760708443759	2.89925626471335	1.54785511058839	1.42684818679989	2.32801701536723	2.0981116525677	0.4113223626188	0.86443013146963	2.43107381021535	1.01421419707377	0.249036452540263	0.349956594862251	ENSMUSG00000031074	Fgf3
15.8751964121881	16.0926350873588	15.8393604784821	15.5278469609366	NA	NA	13.1390424963468	13.4169981867349	13.4818366706573	13.5377836490884	13.9318411756748	14.1497015444814	13.8723735178931	12.0747548486006	12.1251138255826	ENSMUSG00000115783	Bc1
0.459129242830303	0.676365048586513	0.430408467074578	0.456121833179697	0.578217293725836	0.448072775183752	0.157421539064392	0.519853485330089	0.410802917479387	0.26806630777647	0.258257966464084	0.571037768214182	0.357545857833722	0.23773046871793	0.206410355315429	ENSMUSG00000039116	Adgrg6
3.70983693731367	5.01854826981219	4.87613202686682	5.28705305073216	5.16158509015487	4.44958930993936	3.65291657355034	4.95792694336957	5.02839354921674	3.18913458801589	3.29846507995064	4.68950299051256	3.81451272898381	3.37255887627697	3.03883636327053	ENSMUSG00000050473	Slc35d3
3.2816665544426	4.92970080957167	4.96871505223216	5.17071577463435	5.24468523606617	4.40976799675927	3.15401073958252	4.86640287921646	4.89294002392458	3.34563317738591	3.71661192048305	4.81524290444797	4.32394710793674	3.61342558406013	3.64035499229428	ENSMUSG00000019990	Pde7b
2.59278376804849	4.35767181980592	2.46417945039162	3.25617717132348	3.77450936519534	2.50061992399083	2.20020706472127	2.65567609923867	4.12285631584447	2.6208078383013	2.79282575246298	2.54583244193693	2.3782807629637	2.33866625769578	1.62851902523354	ENSMUSG00000019997	Ccn2
4.10958527201266	6.84299199408081	6.12370233467109	6.33500809557157	6.82526639168332	5.37803589424681	4.71314629751066	6.15489339522326	6.24270447649504	4.10501865794028	4.09370236944237	5.64870511042654	4.58275391666405	3.2677804332357	3.36597773559816	ENSMUSG00000046922	Gpr6
0.516173924273779	0.318551619488234	0.371618855151526	0.598461390732929	0.810495865856974	0.416863721535753	0.119335869787962	0.606413472047109	0.562515010209737	0.389096034162311	0.542121220171456	0.674116159835307	0.305193029640175	0.528695928608936	0.324689309698789	ENSMUSG00000019866	Crybg1
0.302468942300615	1.54455543172264	1.05569435697939	1.38295722742811	2.02641665360637	1.26492230202873	0.531036832927292	1.64840087820122	1.20476952212616	0.660057642050493	1.40723780095462	1.4266793296586	1.291560191971	0.990160069926651	1.08823308225205	ENSMUSG00000020080	Hkdc1
1.28233811845366	1.63985906191422	1.30222595442228	1.36188987710842	1.49417269116732	1.26590648068123	0.612185635963446	1.19956502794481	1.39221791294291	0.619840155055671	0.912188788930965	1.43150692185544	0.910312188439344	0.725347598508171	0.934692949699643	ENSMUSG00000020067	Mypn
4.6775783970383	8.1889483996436	7.3519851983348	7.62962551264764	8.00286435551849	6.55616979571549	5.78955257850419	7.57125548278124	7.64205451202945	4.62753518140981	5.47234564595514	7.27402455500974	5.99753885027011	4.73623068330034	4.2000401558012	ENSMUSG00000020178	Adora2a
2.05767965569585	2.11776203416994	2.13365083766364	2.5038452235931	2.07076681982253	2.06865862165379	1.3067121157535	2.23569749326752	2.30547719995126	1.5906024016137	1.58621698068085	1.85448397656601	1.50289849895667	1.23667138149048	1.28779323154999	ENSMUSG00000043822	Adamtsl5
7.68692804155775	9.69402101859682	9.13167060208125	9.42064754470947	9.50733589495085	8.57091738236757	7.98466943141267	9.27697917615013	9.37151742575937	8.05276297697842	7.99259572539547	9.06914204105506	8.29915297916705	7.81717818997694	7.74461192393816	ENSMUSG00000048240	Gng7
0.778191350593188	1.53335194184506	1.74254919634287	1.74006187219185	1.59671915097373	1.8180553059467	0.737063202385424	1.01616041554695	2.21320946588909	1.56847322083742	0.706522702487757	1.30642554840963	0.942448440594372	0.774738488706198	1.0509367059647	ENSMUSG00000019936	Epyc
1.88010227704536	3.90136559905885	2.97058236168842	3.00469726007999	3.40535906990995	2.05052499070993	1.96163428283521	2.9917485219394	3.14378053251535	1.37453933820483	1.52198212228043	2.76090995768126	1.81330856384404	0.844766810504808	0.781993729243007	ENSMUSG00000031551	Ido1
7.80882639211587	9.42518124550962	8.86690125430151	9.16254477839344	9.4281990094062	8.3798779525485	7.99230274267958	9.00768325385458	9.14076887314148	7.29587415124223	7.77368846510453	8.68255327599961	8.13636429209353	7.54231083486006	7.55889465752216	ENSMUSG00000034472	Rasd2
3.67473893514839	5.10180101776349	4.67293266510678	4.7953660287867	5.22769147433681	4.26604083815355	3.88363605098206	4.67129303579907	4.73593634477142	3.80684552419079	4.01026892853564	4.62459886148158	4.1140259248392	3.7958315002955	3.84113131002331	ENSMUSG00000037148	Arhgap10
0.58885545668769	1.13522079104773	1.30979571205993	1.37425469802132	1.31670411590068	0.891168864069488	0.493521293322414	1.3637627908112	1.14776928285007	0.709729864768153	0.810498478496056	0.922827847644433	1.00535519992849	0.945120025988478	0.848908324128857	ENSMUSG00000055994	Nod2
0.536689910005559	1.36293225279623	1.16536530996792	1.55276347761231	0.972928902738347	1.07009553242926	0.757877578692989	1.20072345936598	1.48111916790171	0.682009999568945	0.745468177838214	1.10760677371598	0.826169038345545	0.834903742938335	0.682325426249815	ENSMUSG00000110631	Gm42047
2.77566761013251	4.17146015182141	3.79420404314449	3.96964698231568	3.96781464538705	3.53963543520758	3.37868204033237	4.13123848803609	4.29771790422334	3.22744219896119	2.91397258507084	3.53297240804201	2.81745201086488	3.01570151821062	2.13507306761635	ENSMUSG00000109957	Gm45353
2.45945514401631	3.29691319301028	2.81692520288351	3.35638764315165	2.84403351694943	2.58579345897423	1.8163542830269	2.9813179182652	2.98115772668658	1.38888374577168	1.76444925917923	2.96148827524529	2.16285478235222	1.36183783635717	1.96862582363454	ENSMUSG00000039079	Trhr2
1.73863600325961	3.49759181000373	3.04471788497837	3.4715500823322	3.77598932522364	2.56844329832109	1.77326714767549	3.37785891075223	3.40721365525634	1.43970453771121	1.88972032769414	3.07693041629863	2.22111892000788	1.41634328202189	1.8712407047739	ENSMUSG00000017491	Rarb
1.28137548932244	1.14989867061958	1.09689815056612	1.38109785141159	1.10750701610744	0.51779330639638	0.407746163810106	0.856502309321802	0.975818630154255	0.249526255294913	0.480562851974525	1.04652904035911	0.376108465501074	0.12532217054475	0.0656620655335163	ENSMUSG00000057606	Colq
3.9111100747088	5.71423610040005	5.45816453110079	5.56694438661833	5.85058678667449	4.9857078152484	4.61473554486006	5.41279838760401	5.28688967464116	4.37104236437426	4.21666364622493	5.36628264126259	4.57377115109708	4.11560226633374	3.98200238403982	ENSMUSG00000022176	Rem2
2.38546983968797	4.00939388563786	3.37985683966833	3.76337640435731	4.28083956048546	4.12846121361346	2.70343475174961	3.80516258947045	3.83330319662766	1.4591076895123	3.74774779769322	4.00140582556165	3.71483264542679	3.27799212900434	2.81116414865584	ENSMUSG00000043659	Npsr1
5.83162259625982	7.426669694986	7.32917757894879	7.67595422963634	7.5396793178258	6.22077421255419	4.87365139397948	7.43083080960496	7.58218184127837	4.40247914735231	4.58960954113092	6.59957006672466	5.04659188540409	1.46960457867115	-2.40698220776514	ENSMUSG00000046480	Scn4b
6.26689531356535	8.65582567533045	7.85409417637868	8.22629843164286	8.43572322146194	7.20721094682568	6.39734138014977	8.08294711438396	8.06838371216043	5.28355405085888	6.09354781440453	7.72591109271047	6.65673502800059	5.15154860770978	4.72994829225851	ENSMUSG00000032259	Drd2
0.236648732439272	1.70184431857989	1.30158890074556	1.61952877059741	1.99965640407421	1.2982155031477	0.438236560757213	2.06339160908975	2.00003212813074	0.404341539674652	0.393610765629819	1.36717267929249	0.816684615123246	-0.00727259169786309	-0.00727259169786309	ENSMUSG00000032257	Ankk1
4.96271361697817	6.32365819995232	5.46783828898694	5.82395325895406	5.89350586229075	5.32456439081536	5.55948966974492	5.68336942139024	5.3299251645279	3.87527532178295	4.90325148015409	5.80006083664836	5.35211945367687	4.72436612593373	4.35848611347828	ENSMUSG00000032291	Crabp1
1.98952357806568	4.13164847067116	2.25460378844357	2.8052117564793	3.67786174161027	1.92382201482874	2.90612159735164	2.19855535660624	2.94505141364176	2.32728717393043	2.59948916405956	2.25260280056852	2.63344471190352	1.68629645395597	2.61460238158101	ENSMUSG00000039714	Cplx3
2.01047107013063	2.83264350397651	2.18739151009332	2.79893070549315	2.99913105929691	1.94604510644224	2.53858482805333	1.83525628466422	2.70334266516353	1.65618029188923	2.74699744651555	2.01851988047772	3.00964104573318	1.82063820292425	2.06817980518169	ENSMUSG00000103486	Gm10657
6.00825547503457	7.61343546858996	7.2368201982948	7.3331306169751	7.82523449577946	7.00287142289458	6.51552802352811	7.32788660095434	7.5231534072343	6.27083615064075	6.617996212655	7.21469882287554	6.84396103769094	6.40063554059512	6.4634468401219	ENSMUSG00000007656	Arpp19
3.46785279254479	4.59476949076291	4.57986190437967	4.60463944465289	4.76697088017781	4.43832961908703	3.38031734188763	4.70926546006105	4.47772375259663	3.14955565534463	3.70111953578858	4.47293116035398	4.03288186215484	3.47172574885348	3.50468871964416	ENSMUSG00000049511	Htr1b
1.23588274979376	1.9962713507446	2.18724913315279	2.25687577319796	2.36293956136854	1.47345613063974	1.40854604240918	2.15947876800047	2.41325206576266	0.789249618501775	1.45118143312708	2.0694076293724	1.47609721939006	1.19640922195614	0.992416856512933	ENSMUSG00000032420	Nt5e
4.91150587613951	5.31796928282702	4.91851768798055	5.19820501248196	5.044688404251	4.56535445102114	3.76881228490372	4.95920514953685	4.91661836909083	3.7305178295421	4.29101074527977	5.03789024950839	4.4720989146878	3.86114272853125	3.73867709441572	ENSMUSG00000032537	Ephb1
5.55576631777153	7.25815212882055	6.82345445870757	7.21440667629233	7.3751367842813	6.47980658369936	5.8501088805687	7.01542007255257	7.31110220688678	5.91889026935471	6.11052979698877	6.65962758445393	6.23834266304093	5.67090429874102	6.05378160091531	ENSMUSG00000032503	Arpp21
1.2243601238782	3.51036535102612	2.49280903024839	2.85861787483657	3.80642765387974	2.80084880863596	2.80080122296256	3.29315666991246	3.02946058346972	1.97773274778561	3.0538283049849	3.43419428762196	3.51586717949307	3.41261217546768	3.07550476469563	ENSMUSG00000110996	Gm36251
0.743704116115783	1.62640134130303	0.499276572549553	1.68152983533624	1.28185013009634	1.00720770909499	0.576257708432146	0.870671632888898	1.52744401670886	0.560545387614388	0.345807570607395	0.847304231235245	0.620449333028942	0.287809097804086	0.549562130517143	ENSMUSG00000044534	Ackr2
2.64892591126205	2.97193153357147	3.09844960068942	3.24931608602758	3.00118677242728	2.95791956267122	2.0101569954975	3.13538287047782	2.88969078606816	1.72425779172759	2.28735213151239	3.00840214577688	2.64605199037395	1.88694185510004	1.85200953424202	ENSMUSG00000057098	Ebf1
0.0518168639848789	0.687255809755957	0.487515655667894	0.729326511898302	0.605215647049917	0.364046628519878	0.116160109235297	0.431003287416279	0.554357858885691	0.143078646093401	0.215937922757048	0.492227718970921	0.25717496765282	0.17549454471099	0.15700706104159	ENSMUSG00000061462	Obscn
0.995440636906956	1.07524335949185	0.821007576025652	0.704575673609115	0.797366181295085	0.722017089126565	0.522981870203552	0.54818425326871	0.730084476550292	0.463206319160199	0.449062679504554	0.40617123429693	0.565391040249689	0.318460980529754	0.674857116439808	ENSMUSG00000047759	Hs3st3a1
2.2907331857702	2.28961026858179	2.01386664783302	2.10380314405955	2.72688413474674	1.61726371950803	2.00399473166299	2.78312740334845	2.13622684520848	1.49955922367056	1.77073474167077	2.34650970072962	2.53030650242221	1.47774106878866	1.85410117603301	ENSMUSG00000035085	1700020L24Rik
7.82822692960686	10.6276824744742	9.78892178691243	10.1703364942277	10.2399342987911	8.89331650091747	8.64625208309339	9.89033216818308	10.0609628533328	7.49321955437486	7.95919685946204	9.64060861337891	8.45240986636995	7.54706750901449	7.16984883086365	ENSMUSG00000061718	Ppp1r1b
1.75815648498978	3.42897233438759	2.65019688806981	2.91763105827302	3.36907184783077	2.62018129393187	2.67084177678804	2.24846901530366	2.78406980120593	1.5579021202727	2.40744374295883	3.0324841890917	2.12627655496845	1.87516569693243	1.88547180891504	ENSMUSG00000019312	Grb7
2.13551163920182	3.38207260508251	3.10348278196078	3.36672903075995	3.46441280844707	2.37442667625623	2.62443307608101	2.93811963446957	3.29271215525872	2.37462947552643	1.84298157371485	2.88945607243622	2.31023298873122	2.11221091272453	1.9964577812984	ENSMUSG00000019761	Krt10
1.53736575327267	3.2545632502754	2.65162604590231	2.97278473114526	3.41355956123488	1.65384940297768	2.08516843884614	2.60964535771933	2.80220093507207	1.75661468492276	1.56016895355556	2.66683218949815	1.69978258607873	1.77653802808076	1.84726277566662	ENSMUSG00000020912	Krt12
2.1034379966091	3.99597426281505	3.70470378319751	4.00528994139177	4.26797955910572	3.16047727132822	3.12554374716728	3.972500828703	4.26698530437772	2.72528007948545	2.88635141493099	3.4869715819085	3.46592743623038	2.84802543291281	3.29865464465266	ENSMUSG00000035355	Kcnh4
1.99739748455725	3.23758530878395	2.74655408523122	3.1228757224933	2.90607712587997	2.10655731086861	2.41137161243379	3.02361980035764	2.60652132542804	2.21633415273053	1.38821783115036	2.19450011658729	1.99545215782323	1.92859139870448	1.78663950462502	ENSMUSG00000035112	Wnk4
0.915826149651148	4.22672678435605	2.56340854343738	2.50526139922335	3.54261609544773	1.98072725948863	1.82406683370415	3.41270062284746	2.99865443549846	1.37039274764389	2.60915690075491	3.16137757732983	3.1959138853748	2.80855043753508	2.87772040275972	ENSMUSG00000061086	Myl4
3.77006036298691	6.17206578685988	5.68287657243862	5.93138223774723	5.85086360670719	4.65098570014856	4.25571250171665	5.69245512200183	5.84203742106935	3.56913560151027	3.99368970808745	5.46468120242205	4.36019057411663	3.63740166451287	3.33481311836212	ENSMUSG00000020599	Rgs9
3.14492651244648	3.93059350870078	3.8289572008346	3.96320419108448	4.08981486229215	3.59458351331499	3.03898048714398	3.82205260325238	3.60450098432884	2.48164091573449	2.82507141832799	3.49348085110742	3.2475866625657	2.75418173087687	2.84795356523244	ENSMUSG00000041695	Kcnj2
0.306169342544689	1.56376781558899	1.23031996592979	1.25030661975212	1.91703265020907	1.06158037762247	1.21903270707608	1.14556371308516	1.53252716650445	1.03455670969908	1.57471962792657	1.6581015963949	1.69245184532367	1.72745806901445	1.56991450919203	ENSMUSG00000050201	Otop2
1.19009788904073	1.63451539222317	1.19234092692601	1.56644065979934	1.65427935690477	1.37508440155372	1.01027435237267	1.75114667538437	1.54321860010812	0.992256582780829	0.612673300644714	1.29848811677645	0.77567455390195	0.992060869719659	0.713091893400032	ENSMUSG00000025161	Slc16a3
3.5321510692127	5.40945149990759	5.20782276231548	5.34519277126655	5.39798944459145	4.60243696082303	4.24690153951004	5.22536728218034	5.26511804960509	4.52927333331293	4.36032116261288	4.84563903207123	4.48655753895125	4.12350977439094	4.13528268914568	ENSMUSG00000052374	Actn2
2.86280876886975	4.47409369577317	3.54026506081541	4.21658908708454	3.77249116550894	3.16303674629106	2.0927172025408	3.81561246219352	4.27784478647442	2.36627025328355	2.80366976430977	3.51434682168214	2.94739828536601	2.48395116888568	2.56610454058616	ENSMUSG00000097806	Gm6556
2.05427548069002	3.53638615434032	3.13815461190777	3.33403038932455	3.81025105748512	2.73615938442641	2.08437845782974	2.96764816959448	3.62606727424474	1.82008813029223	2.05535217895091	3.12610717462978	2.23474479054415	1.53262965896004	2.47417629181104	ENSMUSG00000097684	Gm26645
1.09743477908205	2.05010866407538	2.07111885201532	2.51247359825668	2.59130295492499	2.04601785296127	1.13046439300952	1.77520193968864	1.85330415783105	1.86014932064939	1.95664480479864	2.18611183265761	1.97960847133314	1.48064039241203	1.59081141913389	ENSMUSG00000041324	Inhba
2.09650776635242	2.15459186269525	1.6405309074803	1.89890317086083	1.93273111269001	0.980097026823783	1.29683543247491	1.72229692405118	1.68111577123186	1.55389314548334	2.05209471794902	2.22600032649507	1.16399727201189	1.32847938618918	1.41177130530771	ENSMUSG00000113856	Gm10790
4.28013337537099	6.04658428875056	6.07346523932643	6.28748783861317	6.4819834480237	5.37924287823226	4.3937759246935	5.90185535402823	6.20007861113149	3.56091178204522	4.64868422904735	5.57349789735702	4.66195984786851	4.02563844888492	3.72820621244791	ENSMUSG00000021478	Drd1
3.9498344720452	3.37805907235071	3.5719109124841	3.25323498030677	3.58480813515471	3.47009456489054	2.34486080315063	2.93407468943685	3.57523744253614	1.77992389851873	3.01076419668548	3.25804067128878	2.77195829192432	2.28462823279946	1.99700763517291	ENSMUSG00000110086	Gm45623
0.889698902034101	0.447406545924364	0.989571749063578	0.882940889346165	1.29527543126095	1.03021628338817	0.401259123744051	0.865852623304673	0.66026705942424	0.566657203885003	0.868641044548775	0.82840735012274	0.68268667607175	0.889060350750302	0.597838628333061	ENSMUSG00000078945	Naip2
2.45833969126173	2.55995573342376	2.88908415954438	3.1899863204344	2.67114759149937	2.74829198878405	1.81757795835281	2.84865166677745	2.69781953582451	0.930635986137942	1.91677410743819	3.19250626152108	2.13449964840485	1.63315802951161	0.895819738467029	ENSMUSG00000042258	Isl1
0.702394413560767	1.13294621363819	0.888502983568789	1.10717375631658	1.17077706431615	0.547016802255153	0.525976570369653	1.16900936687101	1.13628907634491	0.552711957234281	0.506859411042212	0.956346944932404	0.874507435915456	0.470556130226303	0.619649380362938	ENSMUSG00000035021	Baz1a
1.1962325290763	2.17960597956264	1.9454180837746	2.03964110600166	1.95244687382598	2.15549987315107	1.22173095815081	2.24576624953609	2.29211936706873	0.725947178837975	1.7460375628674	2.14801178761739	2.09222112648525	1.02522000142686	1.85656353237619	ENSMUSG00000113429	Gm20063
2.06366501585894	3.34290086456897	3.21736885861694	3.47335805175176	3.47355109173056	2.98828284038668	2.09935926137579	3.20189814539964	3.36346224175743	1.72741274579884	2.15426568747958	3.10473647098267	2.16927775136111	1.78758383458011	1.72553809071294	ENSMUSG00000021108	Prkch
5.50688651069437	7.45619613885502	7.02651126303955	7.36019417775838	7.53339630490342	6.4245624605784	5.65458410925734	7.13743172605183	7.35298529820004	4.73170090736517	5.24484232698403	6.80437762507142	5.89243632787473	4.62910237160643	4.39294811961719	ENSMUSG00000071234	Syndig1l
1.86394113095777	3.91283319144305	3.56919792892934	3.79365197582986	3.69469593413099	2.81738854391812	2.24078285769637	3.4328063516458	3.74966865475382	1.55112300364777	1.9119641819768	2.91568268400461	2.40177949088577	2.04475042303078	2.08242013082925	ENSMUSG00000058260	Serpina9
6.58585260939219	8.15438343630642	7.60538400826554	7.87306879699639	7.96687942426914	6.86380959219446	6.50531240869905	7.72008267199447	7.90011451858877	6.69512551521689	6.22341905118346	7.37639081501827	6.61367494299395	6.1853971771932	6.17446580156357	ENSMUSG00000037679	Inf2
1.98487242144894	2.76907399999502	2.57620527826583	2.75381319270471	3.06603940019714	2.13114724134574	1.60940650531647	1.52699506159186	2.62171732382707	0.808739368572406	2.11046300246203	2.60776111221776	1.76381673532348	1.21519278508436	1.32577179442553	ENSMUSG00000076612	Ighg2c
1.3374276045031	2.52131161616836	2.22724464321067	2.07337992372293	2.50637992309887	1.73561564346747	1.0779609302295	2.06412211067531	2.19626526221986	0.804067003641862	1.18833555689309	2.34260400501637	1.86467807532466	0.963485141597682	1.29473566803959	ENSMUSG00000022144	Gdnf
3.21398217918329	4.43450392906021	4.48424537412783	4.78889310756646	4.86626068179644	4.25330490709641	3.16515697239594	4.72790962082701	4.62711871920812	3.47462262761948	3.52031241086505	4.40251975480214	3.85450134915691	3.45328038697746	3.44525368869672	ENSMUSG00000022197	Pdzd2
2.8414275669985	4.62393046009374	4.33377966879641	4.50729483785623	5.23608942060377	4.20180627671364	2.90717881671843	4.52123215802495	4.63554048253353	4.34370394339133	4.40185356332404	4.31773312432828	4.27554026176141	4.05213786645536	4.31888932097857	ENSMUSG00000022237	Ankrd33b
1.50871240535704	3.06837816582581	2.8601609844482	2.61653674477013	3.87855567087383	3.23903697721867	2.32716667102514	2.90921038283286	3.08556090616873	3.03698829510126	3.18236943884921	3.57850334531104	3.23592632394751	3.26641913773152	3.02355099312188	ENSMUSG00000051920	Rspo2
1.46970854482466	0.949159667278213	1.36544646983435	1.61001843905282	1.39494351616673	1.06500047819258	0.370692625086603	1.23533418512935	1.41634242810423	0.986492127349151	0.831902741012045	1.42984064388815	0.85526969053613	0.867711658702637	0.467101680062644	ENSMUSG00000022358	Fbxo32
2.0154224333482	4.22932274032463	3.40970993743842	3.76133301909662	3.85379711669999	2.96330152067421	2.03616890754733	3.25952485127509	3.27058502877387	1.9432451871857	2.12192925178225	3.18718274810099	2.47513061694287	1.34508956293498	1.54066159335962	ENSMUSG00000047591	Mafa
1.44390426175989	2.81913182363317	1.94509951313322	2.56863447003733	2.39452139328216	1.78889709046642	1.27879159706697	2.16621619997385	2.5203777255665	1.62177802970466	1.69994738137139	1.74285784341638	2.16003678579927	1.19310407935892	1.87532389079368	ENSMUSG00000116243	Gm49552
0.27603461213535	2.12624325114229	1.19597759754416	1.6685455662965	2.04258655754012	1.33124629719398	0.758717516267169	1.99425176034483	1.53302783771012	0.332571329388174	1.13620687780377	1.4938089366795	0.966985879364206	1.14191264669587	1.44980884469643	ENSMUSG00000068117	Mei1
1.24284020980717	2.1597628960401	2.22023473450562	2.42943291053645	2.43762777582919	1.73640072434777	1.32771554215859	2.36985645687129	2.5151764335298	1.1540420137792	1.30406912001157	2.11626803619491	1.48227899904982	1.31212097804614	0.791987017638157	ENSMUSG00000000555	Itga5
6.91956949584276	8.72681347861001	8.17360568172799	8.46498446493043	8.55462539377303	7.67063296631473	7.06778784727801	8.23323616778499	8.39232993682185	6.76845638804385	7.11258639099404	7.99327880965505	7.31412065778237	6.82092662461566	6.85782754139147	ENSMUSG00000022489	Pde1b
0.77069623682681	1.46463234413015	1.29795085596511	1.49248461768002	1.53066241225098	1.29758484035937	0.976104082975618	0.795414391960774	1.19368380226437	0.710203646264955	1.05642608363601	1.23134983211938	0.745577744585521	0.723096406065603	0.836024697636559	ENSMUSG00000116946	Gm41442
7.16206380937144	8.6852385136458	8.31739228085019	8.52505191500388	8.71520631525871	7.9917497984781	7.37855063056762	8.460599613683	8.51455435886042	7.35422538812805	7.53384673201685	8.33552558993079	7.79266625436972	7.43357409084823	7.35192745468896	ENSMUSG00000022840	Adcy5
3.31619593692518	4.30420034827437	3.69530471604635	4.10157010813078	4.13664851572166	3.56341890537003	2.87098295474171	3.6512779125231	4.18794725482833	2.88281572030549	3.0951668709774	3.68776885772012	3.20129189004549	2.91596531165813	2.7317484199405	ENSMUSG00000052133	Sema5b
1.92976879397076	2.34932512161185	2.71918222235958	2.80150137556645	2.88416418278683	2.19570838883148	1.16125969679685	2.64718527599916	2.42504509773687	1.49852254445626	2.45090012913679	2.25617764366647	2.00745337533179	1.34717000176906	1.57216986093038	ENSMUSG00000035258	Abi3bp
5.97917626387079	7.05849865679882	6.35215202848373	6.8227109087236	6.92508286361083	6.44237644100546	6.2637979139186	6.33006832931842	6.93260110548001	5.32048128570101	5.55365242044905	6.55568326662576	5.91365473684951	5.48187823367865	5.43078618721773	ENSMUSG00000090223	Pcp4
4.73028071413782	6.71869719389893	6.63139855561051	6.9277971312535	7.01268360418598	5.80095087371234	4.57521917698041	6.6406600814195	6.97139133908865	4.9458981762723	4.96815511287819	6.25646853935598	5.31507968132725	4.43789855233655	4.54957388006185	ENSMUSG00000023868	Pde10a
1.40594506014348	1.76434747947317	1.46827819503496	1.4937873395009	1.85413303424678	1.54882052446417	1.08213658315354	1.20915180507354	1.73709771665005	0.55406368694774	1.42602697811872	1.41754883577502	0.98670212395104	0.922999679370278	0.62985587289687	ENSMUSG00000023828	Slc22a3
1.81112339661991	1.19702263369246	1.59839521279646	1.66267757037488	2.04821722930344	1.54989613567971	1.35337293161749	2.11457602074465	1.59454494554298	1.25959788691785	1.37333787198552	1.46132237377431	1.25325275784122	0.760799330769652	1.23353424121101	ENSMUSG00000040680	Kremen2
4.76772852139426	5.89651125638949	5.58048240573293	5.77987461344278	5.76467225143312	5.28843541744297	4.56078267688827	5.64134517240515	5.49908417550628	4.04776983850614	4.90349852159211	5.57524413842265	5.12780519342593	4.52453258697028	4.36151519805306	ENSMUSG00000063239	Grm4
2.64860147497191	2.64188507955241	2.42527423402837	2.66224114754015	2.66184397097783	2.17436138151537	1.65697408431634	2.36543590573268	2.57476544314525	1.31784163544084	1.92751361368937	2.34691029720694	1.85692037587306	1.30740512159799	1.28711774170765	ENSMUSG00000024330	Col11a2
0.85005221359558	0.772643980008189	0.515496914721743	1.26525089194112	0.98639377652485	0.877457623045399	0.836159907734318	0.856463997329585	0.856372700091131	0.666906806270876	0.769294688654748	1.11124699195532	0.394361288899539	0.704758345731271	0.297915751529544	ENSMUSG00000097727	F630040K05Rik
0.734420145728647	1.98140162194418	1.00820798475081	1.41123625573412	1.44971817697833	0.880937153114615	0.777433879405381	1.12597155055504	1.58755266347808	1.30513334031441	0.784870287731817	1.02015879458648	1.55865603668755	0.852527893456751	0.832464115296759	ENSMUSG00000010592	Dazl
5.67751780650382	6.53529234476165	6.13101999403083	6.59487190786061	5.87191293211177	5.50903995545717	5.15135318221612	5.86279540367739	6.07549617507163	3.6491638956583	5.12422004183543	5.98597425468257	5.46773597731655	4.82036924860937	4.14297073240096	ENSMUSG00000038805	Six3
0.663865656314587	0.625243151032437	0.752934675831497	0.852771342505877	0.905305049120924	0.569987384301059	0.592445461079792	0.842973103868118	0.747755209465517	0.313662388768211	0.355943357602713	0.548316498938616	0.487025085762621	0.187683791149354	0.238708539108108	ENSMUSG00000057440	Mpp7
4.02474139004729	4.17601570328761	4.54297429850754	5.48874001506224	3.98784436570903	4.22560059190251	4.90119918880194	4.49540101251072	4.05229468632969	3.43853428103015	4.00017025529625	4.83601223090296	4.2304336714984	4.12627956426245	3.82833151477317	ENSMUSG00000117465	-0.045853989
1.59173454885541	4.74778485739265	4.11436164743043	4.39511068604643	4.65356327463882	3.39691651058765	2.22699604259008	4.22659368429319	4.23707262487866	1.71439818992465	2.2044691473885	3.84603729334571	2.70531770336226	1.58589776246583	1.31249213854733	ENSMUSG00000057719	Sh3rf2
6.77736311374616	7.50343065316687	7.37215254935568	7.71358272592068	7.63118838649447	7.18035325745394	6.07467759543357	7.41400939248559	7.62810819363017	6.2674602325408	6.60090192072067	7.38444101384963	6.87795161075216	6.28577230743856	6.26600892098019	ENSMUSG00000024524	Gnal
1.42859890043655	3.28350828927718	3.00012869723511	3.42530638367686	2.71698608527111	1.55634391464091	1.00368011582114	2.81300084307256	2.11701489520285	2.03264338488865	2.35711496243836	3.34215702324761	1.51625825783165	1.68986728036494	2.28873556319367	ENSMUSG00000053861	Gm9925
3.63419771731504	4.5696853724031	4.0776704664919	4.4026203581438	4.30899820136561	3.88688823598416	3.46554992113795	4.10956667273639	4.31305593398856	2.42489409891768	3.10734773128158	3.95484171456502	3.19681693340262	2.83564529486553	2.40420653909915	ENSMUSG00000032946	Rasgrp2
1.67984504297931	1.88155272450649	1.48829217692891	2.03548009901671	1.44744997833076	1.67075932633825	1.09983474106984	0.980080313863732	1.82939403346728	1.12222064250747	1.30630867464827	1.24999016087909	1.21697688165462	0.749565614604853	0.767025529289295	ENSMUSG00000024650	Slc22a6
4.23820350164844	6.94800179793384	6.43465214729465	6.7337914568923	7.06292465116845	5.59897133997884	5.01986269568778	6.74692482302623	6.71449775418027	4.79306531765193	4.17691564103571	6.07209813145591	4.60874097684589	3.64940916616548	3.45502120593808	ENSMUSG00000090291	Lrrc10b
0.171754058388767	1.49676154881073	1.51097211632324	1.17530528476575	1.67928653724802	0.788376012674967	0.780230250467762	1.63228807045756	0.895870263756049	0.594960017873115	1.37458071151488	1.25923853720613	1.42575449605715	1.20187621408521	1.28625903996736	ENSMUSG00000024670	Cd6
2.75020468598431	4.85904810543388	3.84411055260102	3.99574274303043	4.17347847798451	3.36483712380459	3.49949959151614	3.21212997029416	4.43002883142295	3.85943195510609	3.21823757357244	3.66576841476249	3.34378554354118	2.78250987608337	3.24548536721985	ENSMUSG00000024990	Rbp4
4.03574499640719	4.35018677245216	4.51280273698652	4.37445777456437	3.13492000553359	3.67941599228385	3.9928854936468	3.55998213734111	4.13883437482648	3.43844991400116	3.10820278001407	3.82319157187974	3.20761771513169	3.52434355958097	3.0220710859859	ENSMUSG00000064357	mt-Atp6
