ID	Genotype	genotype	Z1N	Z2N
Vmat1_083119-4a	C	Asn/Asn	1.86273186742165	1.00999016924958
Vmat1_083119-3a	M2	Thr/Ile	0.61659786971703	0.579132162255556
Vmat1_083119-1a	M1	Thr/Thr	0.776421761147928	1.39671264539045
Vmat1_090119-2a	M3	Ile/Ile	1.39671264539045	1.58705583229031
Vmat1_083119-3b	M2	Thr/Ile	1.58705583229031	1.7087352578229
Vmat1_083119-4b	C	Asn/Asn	-0.776421761147928	-0.91061170687247
Vmat1_090119-2b	M3	Ile/Ile	0.694290575703083	1.24672049837958
Vmat1_083119-1b	M1	Thr/Thr	2.08027845252527	1.86273186742165
Vmat1_083119-3c	M2	Thr/Ile	-0.01566706762477	0.654949917100686
Vmat1_083119-1c	M1	Thr/Thr	0.205092315715209	1.06362193833772
Vmat1_083119-4c	C	Asn/Asn	0.302199480814762	0.734736477807255
Vmat1_090119-2c	M3	Ile/Ile	-0.506508106929111	-0.694290575703083
Vmat1_090119-2d	M3	Ile/Ile	0.237202109328788	2.49770547441237
Vmat1_083119-3d	M2	Thr/Ile	-0.368500597097157	0.205092315715209
Vmat1_083119-1d	M1	Thr/Thr	0.654949917100686	1.31801089730354
Vmat1_083119-4d	C	Asn/Asn	-1.58705583229031	-1.39671264539045
Vmat1_090119-4a	C	Asn/Asn	0.402250065321725	0.54246240431255
Vmat1_090419-2a	M3	Ile/Ile	1.06362193833772	0.776421761147928
Vmat1_083119-1e	M1	Thr/Thr	1.00999016924958	-0.368500597097157
Vmat1_083119-3e	M2	Thr/Ile	-0.0470165965778142	-0.654949917100686
Vmat1_083119-1f	M1	Thr/Thr	-0.734736477807254	-0.734736477807254
Vmat1_090119-4b	C	Asn/Asn	-0.302199480814762	-0.01566706762477
Vmat1_090419-2b	M3	Ile/Ile	0.579132162255556	0.0470165965778143
Vmat1_090119-3a	M2	Thr/Ile	1.7087352578229	2.08027845252527
Vmat1_090119-3b	M2	Thr/Ile	2.49770547441237	-0.436464156008116
Vmat1_090419-2c	M3	Ile/Ile	0.368500597097157	1.1205017670747
Vmat1_090119-4c	C	Asn/Asn	-0.819502107568254	0.471197085229966
Vmat1_083119-1g	M1	Thr/Thr	-0.402250065321725	-0.269558410280158
Vmat1_090119-3c	M2	Thr/Ile	0.506508106929111	0.237202109328788
Vmat1_090119-1	M1	Thr/Thr	-0.269558410280158	-0.471197085229966
Vmat1_090419-2d	M3	Ile/Ile	0.01566706762477	-0.302199480814762
Vmat1_090119-4d	C	Asn/Asn	-1.00999016924958	-0.579132162255556
Vmat1_090419-4a	C	Asn/Asn	-2.08027845252527	-2.08027845252527
Vmat1_090419-3a	M2	Thr/Ile	0.173192651006423	0.269558410280158
Vmat1_090719-1a	M1	Thr/Thr	-1.7087352578229	-0.819502107568254
Vmat1_090419-2e	M3	Ile/Ile	-0.237202109328788	0.402250065321725
Vmat1_090719-1b	M1	Thr/Thr	-1.86273186742165	-0.61659786971703
Vmat1_090419-4b	C	Asn/Asn	-1.31801089730354	-0.959116617227602
Vmat1_090419-3b	M2	Thr/Ile	0.436464156008116	-0.864160004318308
Vmat1_090419-2f	M3	Ile/Ile	0.0784124127331122	0.368500597097157
Vmat1_090419-2g	M3	Ile/Ile	-0.141468301382159	-0.173192651006423
Vmat1_091019-3a	M2	Thr/Ile	0.471197085229966	-0.0784124127331122
Vmat1_090419-4c	C	Asn/Asn	-0.91061170687247	0.959116617227602
Vmat1_091019-1a	M1	Thr/Thr	-0.205092315715209	-0.335165825308025
Vmat1_090719-2	M3	Ile/Ile	0.141468301382159	0.335165825308025
Vmat1_091019-1b	M1	Thr/Thr	-1.39671264539045	-0.776421761147928
Vmat1_091019-3b	M2	Thr/Ile	-0.959116617227602	0.694290575703083
Vmat1_090419-4d	C	Asn/Asn	-0.471197085229966	-1.86273186742165
Vmat1_091819-4a	C	Asn/Asn	-1.1205017670747	-1.18125862097704
Vmat1_091419-1a	M1	Thr/Thr	0.91061170687247	0.173192651006423
Vmat1_091819-2	M3	Ile/Ile	0.864160004318308	1.48516545690268
Vmat1_091419-3a	M2	Thr/Ile	-0.61659786971703	-1.00999016924958
Vmat1_091419-3b	M2	Thr/Ile	0.54246240431255	0.302199480814762
Vmat1_091819-4b	C	Asn/Asn	0.109885729765991	0.864160004318308
Vmat1_091419-2a	M3	Ile/Ile	-0.864160004318308	-0.237202109328788
Vmat1_091419-1b	M1	Thr/Thr	-1.18125862097704	-1.48516545690268
Vmat1_091419-3c	M2	Thr/Ile	0.335165825308025	-0.205092315715209
Vmat1_091419-1c	M1	Thr/Thr	-2.49770547441237	-2.49770547441237
Vmat1_091919-4a	C	Asn/Asn	-0.694290575703083	-1.58705583229031
Vmat1_091419-2b	M3	Ile/Ile	-0.579132162255556	0.506508106929111
Vmat1_091419-3d	M2	Thr/Ile	-1.24672049837958	0.61659786971703
Vmat1_091419-1d	M1	Thr/Thr	-0.436464156008116	-0.402250065321725
Vmat1_091419-2c	M3	Ile/Ile	-0.542462404312549	-0.542462404312549
Vmat1_091919-4b	C	Asn/Asn	0.269558410280158	0.141468301382159
Vmat1_091919-4c	C	Asn/Asn	-0.654949917100686	-1.31801089730354
Vmat1_091419-1e	M1	Thr/Thr	1.1205017670747	0.819502107568254
Vmat1_091619-3a	M2	Thr/Ile	-0.0784124127331122	-0.109885729765991
Vmat1_091619-2a	M3	Ile/Ile	1.48516545690268	1.18125862097704
Vmat1_091619-2b	M3	Ile/Ile	-1.06362193833772	-1.1205017670747
Vmat1_091919-4d	C	Asn/Asn	0.819502107568254	-0.506508106929111
Vmat1_091619-3b	M2	Thr/Ile	0.959116617227602	0.91061170687247
Vmat1_091919-1a	M1	Thr/Thr	1.18125862097704	-1.24672049837958
Vmat1_091919-2	M3	Ile/Ile	1.31801089730354	0.01566706762477
Vmat1_091919-1b	M1	Thr/Thr	-0.109885729765991	-1.06362193833772
Vmat1_091919-4e	C	Asn/Asn	1.24672049837958	0.0784124127331122
Vmat1_091619-3c	M2	Thr/Ile	-0.335165825308025	-0.141468301382159
Vmat1_092319-1	M1	Thr/Thr	0.734736477807255	0.436464156008116
Vmat1_092319-3	M2	Thr/Ile	-1.48516545690268	-0.0470165965778142
Vmat1_092319-2	M3	Ile/Ile	-0.173192651006423	0.109885729765991
Vmat1_092319-4	C	Asn/Asn	0.0470165965778143	-1.7087352578229
